{
    "value0": {
        "cam.T_i_c": [
            {
                "px": 0.0,
                "py": 0.0,
                "pz": 0.0,
                "qx": 0.0,
                "qy": 0.0,
                "qz": 0.0,
                "qw": 1.0
            },
            {
                "px": 0.11002674958788143,
                "py": -0.000289137798665773,
                "pz": 0.0002466250499199058,
                "qx": 0.00712365898806591,
                "qy": 0.0006289220700000374,
                "qz": 0.001077495211590829,
                "qw": 0.9999738481299002
            }
        ],
        "cam.intrinsics": [
            {
                "cam_type": "ds",
                "fx": 351.03728321687057,
                "fy": 350.0074555977391,
                "cx": 365.8880973548214,
                "cy": 249.34573836993608,
                "p1": -0.2385312817269908,
                "p2": 0.5678694845290958,
                "p3": 0.0,
                "p4": 0.0
            },
            {
                "cam_type": "ds",
                "fx": 362.95328870306238,
                "fy": 361.85685537441028,
                "cx": 379.3550191379889,
                "cy": 256.0392416777185,
                "p1": -0.21063783723055577,
                "p2": 0.5776109411992815,
                "p3": 0.0,
                "p4": 0.0
            }
        ]
    }
}